{
 "name": "root",
 "children": [
 {
 "name": "parent A",
 "children": [
	 {"name": "child A1"},
	 {"name": "child A2"},
	 {"name": "child A3"},
	 {"name": "child A4"},
	 {"name": "child A5"},
	 {"name": "child A6"}
 ]
 },{
 "name": "parent B",
 "children": [
	 {"name": "child B1"},
	 {"name": "child B2"},
	 {"name": "child B3"},
	 {"name": "child B4"},
	 {"name": "child B5"},
	 {"name": "child B6"},
	 {"name": "child B7"},
	 {"name": "child B8"}
 ]
 },{
 "name": "parent C",
 "children": [
	 {"name": "child C1"},
	 {"name": "child C2"},
	 {"name": "child C3"},
	 {"name": "child C4"}
  ]
  }
 ]
}
